{"cameraMode":{"drawMode":0,"name":"Shaded","section":"Shading Mode"},"sceneLighting":false,"audioPlay":false,"sceneViewState":{"showFog":true,"showMaterialUpdate":true,"showSkybox":false,"showFlares":true,"showImageEffects":true,"showParticleSystems":true},"in2DMode":false,"pivot":{"x":16.875242233276368,"y":-1.3233340978622437,"z":3.4296820163726808},"rotation":{"x":0.04832812398672104,"y":0.6431346535682678,"z":-0.04086023569107056,"w":0.76352858543396},"size":25.340299606323243,"orthographic":false}