{"cameraMode":{"drawMode":0,"name":"Shaded","section":"Shading Mode"},"sceneLighting":false,"audioPlay":false,"sceneViewState":{"showFog":true,"showMaterialUpdate":true,"showSkybox":false,"showFlares":true,"showImageEffects":true,"showParticleSystems":true},"in2DMode":false,"pivot":{"x":-10.716644287109375,"y":1.586885690689087,"z":3.4327802658081056},"rotation":{"x":0.005883964244276285,"y":-0.9938012957572937,"z":0.0645090863108635,"w":0.09214102476835251},"size":5.573399543762207,"orthographic":false}