{"cameraMode":{"drawMode":0,"name":"Shaded","section":"Shading Mode"},"sceneLighting":false,"audioPlay":false,"sceneViewState":{"showFog":true,"showMaterialUpdate":true,"showSkybox":false,"showFlares":true,"showImageEffects":true,"showParticleSystems":true},"in2DMode":false,"pivot":{"x":-8.918292045593262,"y":3.7168705463409426,"z":-6.286266326904297},"rotation":{"x":-0.004852959420531988,"y":0.9953199625015259,"z":-0.07509508728981018,"w":-0.06313511729240418},"size":4.87785530090332,"orthographic":false}