{"cameraMode":{"drawMode":0,"name":"Shaded","section":"Shading Mode"},"sceneLighting":false,"audioPlay":false,"sceneViewState":{"showFog":true,"showMaterialUpdate":true,"showSkybox":false,"showFlares":true,"showImageEffects":true,"showParticleSystems":true},"in2DMode":false,"pivot":{"x":-8.667287826538086,"y":0.07561969757080078,"z":-4.610893726348877},"rotation":{"x":0.05525447428226471,"y":-0.9362390637397766,"z":0.30230048298835757,"w":0.17129811644554139},"size":4.081355094909668,"orthographic":false}