{"cameraMode":{"drawMode":0,"name":"Shaded","section":"Shading Mode"},"sceneLighting":false,"audioPlay":false,"sceneViewState":{"showFog":true,"showMaterialUpdate":true,"showSkybox":false,"showFlares":true,"showImageEffects":true,"showParticleSystems":true},"in2DMode":false,"pivot":{"x":-9.885342597961426,"y":3.8149006366729738,"z":-14.436073303222657},"rotation":{"x":-0.0032976262737065555,"y":0.9780006408691406,"z":-0.014954125508666039,"w":-0.2088129222393036},"size":9.40104866027832,"orthographic":false}