{"cameraMode":{"drawMode":0,"name":"Shaded","section":"Shading Mode"},"sceneLighting":false,"audioPlay":false,"sceneViewState":{"showFog":true,"showMaterialUpdate":true,"showSkybox":false,"showFlares":true,"showImageEffects":true,"showParticleSystems":true},"in2DMode":false,"pivot":{"x":-9.20202350616455,"y":0.7818830013275147,"z":3.9223814010620119},"rotation":{"x":-0.030991269275546075,"y":-0.9661024212837219,"z":0.1374129354953766,"w":-0.2170923799276352},"size":0.7371090054512024,"orthographic":false}