{"cameraMode":{"drawMode":0,"name":"Shaded","section":"Shading Mode"},"sceneLighting":true,"audioPlay":false,"sceneViewState":{"showFog":true,"showMaterialUpdate":true,"showSkybox":true,"showFlares":true,"showImageEffects":true,"showParticleSystems":true},"in2DMode":false,"pivot":{"x":-7.823025226593018,"y":1.3370082378387452,"z":-19.692895889282228},"rotation":{"x":0.12279646098613739,"y":0.6492753624916077,"z":-0.10738421976566315,"w":0.7432569265365601},"size":6.755674362182617,"orthographic":false}