{"cameraMode":{"drawMode":0,"name":"Shaded","section":"Shading Mode"},"sceneLighting":false,"audioPlay":false,"sceneViewState":{"showFog":true,"showMaterialUpdate":true,"showSkybox":false,"showFlares":true,"showImageEffects":true,"showParticleSystems":true},"in2DMode":false,"pivot":{"x":-9.190192222595215,"y":1.1740000247955323,"z":2.115000009536743},"rotation":{"x":0.2939818799495697,"y":0.4483027458190918,"z":-0.15923555195331574,"w":0.8293154239654541},"size":5.259740352630615,"orthographic":false}