{"cameraMode":{"drawMode":0,"name":"Shaded","section":"Shading Mode"},"sceneLighting":false,"audioPlay":false,"sceneViewState":{"showFog":true,"showMaterialUpdate":true,"showSkybox":false,"showFlares":true,"showImageEffects":true,"showParticleSystems":true},"in2DMode":false,"pivot":{"x":-8.18419361114502,"y":0.5978667736053467,"z":4.768964767456055},"rotation":{"x":0.2939818799495697,"y":0.4483027458190918,"z":-0.15923555195331574,"w":0.8293154239654541},"size":5.259738922119141,"orthographic":false}