{"cameraMode":{"drawMode":0,"name":"Shaded","section":"Shading Mode"},"sceneLighting":false,"audioPlay":false,"sceneViewState":{"showFog":true,"showMaterialUpdate":true,"showSkybox":false,"showFlares":true,"showImageEffects":true,"showParticleSystems":true},"in2DMode":false,"pivot":{"x":-8.240208625793457,"y":0.21215009689331056,"z":-11.388689041137696},"rotation":{"x":-0.008417131379246712,"y":-0.9826180934906006,"z":0.18063673377037049,"w":-0.04476318135857582},"size":6.038106441497803,"orthographic":false}