{"cameraMode":{"drawMode":0,"name":"Shaded","section":"Shading Mode"},"sceneLighting":false,"audioPlay":false,"sceneViewState":{"showFog":true,"showMaterialUpdate":true,"showSkybox":false,"showFlares":true,"showImageEffects":true,"showParticleSystems":true},"in2DMode":false,"pivot":{"x":-7.755699634552002,"y":-0.19518400728702546,"z":-6.3443498611450199},"rotation":{"x":-0.023369023576378824,"y":0.9582602381706238,"z":-0.08247295022010803,"w":-0.27333593368530276},"size":5.11207389831543,"orthographic":false}