{"cameraMode":{"drawMode":0,"name":"Shaded","section":"Shading Mode"},"sceneLighting":false,"audioPlay":false,"sceneViewState":{"showFog":true,"showMaterialUpdate":true,"showSkybox":false,"showFlares":true,"showImageEffects":true,"showParticleSystems":true},"in2DMode":false,"pivot":{"x":-6.277744293212891,"y":2.4743475914001467,"z":-5.936094284057617},"rotation":{"x":0.0021084474865347149,"y":0.979905903339386,"z":-0.19997438788414002,"w":0.009928731247782708},"size":2.2135403156280519,"orthographic":false}